{"cameraMode":{"drawMode":0,"name":"Shaded","section":"Shading Mode"},"sceneLighting":false,"audioPlay":false,"sceneViewState":{"m_AlwaysRefresh":false,"showFog":true,"showSkybox":true,"showFlares":true,"showImageEffects":true,"showParticleSystems":true,"showVisualEffectGraphs":true,"m_FxEnabled":true},"in2DMode":false,"pivot":{"x":-0.8277595639228821,"y":6.566452503204346,"z":11.863551139831543},"rotation":{"x":-0.10913100838661194,"y":-0.6696357727050781,"z":0.10036866366863251,"w":-0.7278103232383728},"size":113.27432250976563,"orthographic":false}