{"cameraMode":{"drawMode":0,"name":"Shaded","section":"Shading Mode"},"sceneLighting":false,"audioPlay":false,"sceneViewState":{"m_AlwaysRefresh":false,"showFog":true,"showSkybox":false,"showFlares":true,"showImageEffects":true,"showParticleSystems":true,"showVisualEffectGraphs":true,"m_FxEnabled":true},"in2DMode":false,"pivot":{"x":-0.11716388165950775,"y":0.21331551671028138,"z":0.2786354124546051},"rotation":{"x":0.0022778380662202837,"y":-0.9902677536010742,"z":0.016654329374432565,"w":0.1385343223810196},"size":2.370227336883545,"orthographic":false}